<?xml version="1.0" encoding="UTF-8"?>
<!--
  ~ Copyright 2015 LBK
  ~
  ~ Licensed under the Apache License, Version 2.0 (the "License");
  ~ you may not use this file except in compliance with the License.
  ~ You may obtain a copy of the License at
  ~
  ~     http://www.apache.org/licenses/LICENSE-2.0
  ~
  ~ Unless required by applicable law or agreed to in writing, software
  ~ distributed under the License is distributed on an "AS IS" BASIS,
  ~ WITHOUT WARRANTIES OR CONDITIONS OF ANY KIND, either express or implied.
  ~ See the License for the specific language governing permissions and
  ~ limitations under the License.
  -->

<beans xmlns="http://www.springframework.org/schema/beans"
       xmlns:xsi="http://www.w3.org/2001/XMLSchema-instance"
       xmlns:context="http://www.springframework.org/schema/context"
       xmlns:tx="http://www.springframework.org/schema/tx"
       xsi:schemaLocation="http://www.springframework.org/schema/beans
        http://www.springframework.org/schema/beans/spring-beans.xsd
        http://www.springframework.org/schema/context
        http://www.springframework.org/schema/context/spring-context.xsd
        http://www.springframework.org/schema/tx
        http://www.springframework.org/schema/tx/spring-tx.xsd">

    <context:component-scan base-package="git.lbk.ratelimit"/>
    <context:property-placeholder location="classpath:redis.properties"/>

    <bean id="jedisPoolConfig" class="redis.clients.jedis.JedisPoolConfig">
        <property name="maxTotal" value="${redis.maxTotal}"/>
        <property name="maxWaitMillis" value="${redis.maxWait}"/>
        <property name="maxIdle" value="${redis.maxIdle}"/>
        <property name="minIdle" value="${redis.minIdle}"/>
    </bean>

    <bean id="jedisPool" class="redis.clients.jedis.JedisPool" destroy-method="destroy">
        <constructor-arg name="host" value="${redis.host}"/>
        <constructor-arg name="poolConfig" ref="jedisPoolConfig"/>
    </bean>

    <bean id="rateLimit" class="git.lbk.ratelimit.RateLimit" init-method="init">
        <property name="jedisPool" ref="jedisPool"/>
    </bean>

     <bean id="frequencyFilter" class="git.lbk.ratelimit.FrequencyFilter" init-method="init" destroy-method="destroy">
        <property name="rateLimit" ref="rateLimit"/>
        <property name="sendInterval" value="${sms.sendInterval}"/>
    </bean>

    <bean id="dailyCountFilter" class="git.lbk.ratelimit.DailyCountFilter" init-method="init" destroy-method="destroy">
        <property name="rateLimit" ref="rateLimit"/>
        <property name="mobileDailyMaxSendCount" value="${sms.mobileDailyMaxSendCount}"/>
        <property name="ipDailyMaxSendCount" value="${sms.ipDailyMaxSendCount}"/>
    </bean>

</beans>
